X3 Customer Number,C000635,,,,,,,,,
Company Name,Wallboard Trim & Tool Inc,,,,,,,,,
,,,,,,,,,,
Item Code,Item Description,Length,Pieces / Box+,Boxes / Pallet,Ship Weight,Qty Break,Price ($/Box),Price ($/mft),MSRP ($/Box),MSRP ($/mft)
093V,093V Expansion 10' 20pc,10,20,80,14,All Qtys,53.83,269.15,79.21,396.05
093V-C,093V Cross (C) Intersection,,10,50,1,All Qtys,160.05,16.005,235.51,32.97
093V-IC,093V IC Intersection  4in 10pc,,10,50,1,All Qtys,103.77,10.377,152.69,21.38
093V-OC,093V OC Intersection 4in 10pc,,10,999,1,All Qtys,103.77,10.377,152.69,21.38
093V-T,093V T Intersection  4in 10pc,,10,999,1,All Qtys,103.77,10.377,152.69,21.38
093X-V,Fire Rated 093V Expansion,10,20,80,19,All Qtys,363.99,1819.95,535.6,2678
093X-V-C,093X-V Cross (C) Intersection,,10,40,1,All Qtys,398.61,39.861,586.54,82.12
093X-V-IC,093X-V IC Intersection,,10,999,1,All Qtys,297.76,29.776,438.14,61.34
093X-V-OC,093X-V OC Intersection,,10,999,1,All Qtys,297.76,29.776,438.14,61.34
093X-V-T,093X-V T Intersection,,10,999,1,All Qtys,351.47,35.147,517.17,72.4
1010,"3/8"" J Bead 10' 50pc",10,50,96,17,All Qtys,39.39,78.78,57.96,115.92
1025,Standard Flange Casing Bead ,10,75,20,52.7,1+,286.16,381.55,440.25,587
1038,Standard Flange Casing Bead ,10,75,30,52.7,1+,307.61,410.15,473.25,631
1050,Standard Flange Casing Bead,10,75,30,60.2,1+,318.34,424.45,489.75,653
105058,Window/Door Casing Bead,10,50,20,50.3,1+,498.88,997.76,767.5,1535
1050A,"Arched Casing Bead, 1/2""",10,75,20,77.7,1+,328.09,437.45,504.75,673
1050DB,"Color Termination Bead, 1 3/4""",10,75,,63.9,1+,408.04,544.05,627.75,837
1050TAN,"Color Termination Bead, 1 3/4""",10,75,20,67.7,1+,388.54,518.05,597.75,797
1050UCB,Ultra Casing Bead w/ Built-In ,10,75,,82.5,1+,658.13,877.51,1012.5,1350
1050UCBGRAY,"Ultra Casing Bead 1 3/4"" x 1/2",10,75,20,82.5,1+,722.96,963.95,1112.25,1483
1050WP,Standard Flange Casing Bead,10,75,20,57.2,1+,318.34,424.45,489.75,653
1050X,Narrow Flange Casing Bead,10,75,20,49.7,1+,288.6,384.8,444,592
1050XL,"Casing Bead w/ 5"" Flange, 1/2""",10,40,,65.3,1+,420.42,1051.05,646.8,1617
1058,Standard Flange Casing Bead,10,75,30,50.4,1+,325.65,434.2,501,668
1058-50WP,Window/Door Casing Bead ,10,50,20,50.3,1+,502.45,1004.9,773,1546
1058A,"Arched Casing Bead, 5/8""",10,75,,61,1+,336.38,448.51,517.5,690
1058WP,Standard Flange Casing Bead,10,75,20,61,1+,325.65,434.2,501,668
1058X,Narrow Flange Casing Bead,10,75,,49.7,1+,295.91,394.55,455.25,607
1058XL,"Casing Bead w/ 5"" Flange, 5/8""",10,40,20,79.3,1+,466.96,1167.4,718.4,1796
1075,Standard Flange Casing Bead,10,75,20,72.2,1+,351.98,469.31,541.5,722
1075A,"Arched Casing Bead, 3/4""",10,75,20,72.2,1+,381.71,508.95,587.25,783
1075DE,Drip Edge for Exterior Opening,10,100,,114.7,1+,534.3,534.3,822,822
1075TAN,"Color Termination Bead, 1 3/4""",10,75,,64.7,1+,429,572,660,880
1075UCB,Ultra Casing Bead w/ Built-In,10,75,20,82.5,1+,673.73,898.31,1036.5,1382
1075WP,Standard Flange Casing Bead,10,75,20,72.2,1+,351.98,469.31,541.5,722
1075XL,"Casing Bead w/ 5"" Flange, 3/4""",10,40,20,85.3,1+,500.5,1251.25,770,1925
1078,Standard Flange Casing Bead,10,75,20,67,1+,369.53,492.71,568.5,758
107858,Window/Door Casing Bead,10,50,,50.3,1+,556.4,1112.8,856,1712
1078A,"Arched Casing Bead, 7/8""",10,75,,72.2,1+,385.13,513.51,592.5,790
1078UCB,Ultra Casing Bead w/ Built-In ,10,50,20,55.3,1+,455.33,910.66,700.5,1401
1078WP,Standard Flange Casing Bead,10,75,20,68.5,1+,369.53,492.71,568.5,758
1078X,Narrow Flange Casing Bead,10,75,,64.7,1+,336.38,448.51,517.5,690
1078XL,"Casing Bead w/ 5"" Flange, 7/8""",10,40,,65.3,1+,515.32,1288.3,792.8,1982
1100,"T Bar Casing Bead, 1""",10,50,30,58.9,1+,289.25,578.5,445,890
1110,"1/2"" J Bead 10' 50pc",10,50,80,20,All Qtys,38.36,76.72,57.96,115.92
1125,"T Bar Casing Bead, 1 1/4""",10,50,20,74.7,1+,361.73,723.46,556.5,1113
1150,"T Bar Casing Bead, 1 1/2"" ",10,50,20,87.2,1+,435.83,871.66,670.5,1341
1150250CCB,Channel Casing Bead,10,15,,43.3,1+,302.93,2019.53,466.05,3107
1200,"T Bar Casing Bead, 2""",10,40,20,68.7,1+,462.28,1155.7,711.2,1778
1200100-CCB,"Channel Casing Bead, 2"" x 1""",10,15,20,33.4,1+,320.97,2139.8,493.8,3292
1200150-CCB,Channel Casing Bead ,10,15,20,36.8,1+,336.96,2246.4,518.4,3456
1200200CCB,"Channel Casing Bead, 2"" x 2""",10,15,,40.6,1+,347.59,2317.27,534.75,3565
1210,"5/8"" J Bead 10' 50pc",10,50,80,22,All Qtys,39.39,78.78,57.96,115.92
1308,"1/2"" Shadow Line J Bead 8' 50p",8,50,80,15,All Qtys,35.09,87.725,51.64,129.1
1310,"1/2"" Shadow Line J Bead 10' 50",10,50,80,20,All Qtys,43.87,87.74,64.56,129.12
1410,"5/8"" Shadow Line J Bead 10' 50",10,50,80,23,All Qtys,43.87,87.74,64.56,129.12
1552,"Break Reveal, 1/4""",10,50,20,37.9,1+,372.78,745.56,573.5,1147
1553,"Break Reveal, 1/2""",10,50,20,30.9,1+,379.28,758.56,583.5,1167
1554,"Break Reveal, 3/4""",10,50,20,41.7,1+,381.55,763.1,587,1174
1710,"1/2"" Mud on J Bead 10' 50pc",10,50,80,21,All Qtys,53.83,107.66,79.21,158.42
1810,"5/8"" Mud on J Bead 10' 50pc",10,50,63,23,All Qtys,53.83,107.66,79.21,158.42
1A4X10,"Corner Bead, 4"" EXT Stucco",10,30,20,60,1+,195.59,651.97,300.9,1003
1AX08,"Corner Bead, 2 1/2"" EXT Stucco",8,50,20,40,1+,124.8,312,192,480
1AX10,"Corner Bead, 2 1/2"" EXT Stucco",10,50,20,49,1+,156,312,240,480
1AX12,"Corner Bead, 2 1/2"" EXT Stucco",12,50,20,60,1+,187.2,312,288,480
1BX10,"Corner Bead, 1 1/2"" EXT Stucco",10,50,30,33.9,1+,195.65,391.3,301,602
2025,"M Control Joint, 1/4""",10,50,20,38.9,1+,352.95,705.9,543,1086
2038,"V Control Joint, 3/8""",10,35,20,57.8,1+,367.87,1051.06,565.95,1617
2050,"V Control Joint, 1/2""",10,35,20,68.3,1+,369.46,1055.6,568.4,1624
2050-IC,Inside Corner Control Joint,10,35,20,61.3,1+,453.18,1294.8,697.2,1992
2058,"V Control Joint, 5/8""",10,35,20,47,1+,385.16,1100.46,592.55,1693
2058IC,Inside Corner Control Joint,10,35,20,65.9,1+,466.83,1333.8,718.2,2052
2075,"V Control Joint, 3/4""",10,30,20,60.8,1+,338.72,1129.07,521.1,1737
2075IC,Inside Corner Control Joint,10,30,20,57.2,1+,413.21,1377.37,635.7,2119
2078,"V Control Joint, 7/8""",10,25,20,59.1,1+,349.38,1397.52,537.5,2150
207850,Floor Line Control Bead,10,15,20,54.8,1+,247.85,1652.33,381.3,2542
207858,Floor Line Control Bead,10,15,20,49.6,1+,255.06,1700.4,392.4,2616
207878,Floor Line Control Bead,10,15,,49.6,1+,270.47,1803.13,416.1,2774
2078IC,Inside Corner Control Joint,10,30,20,69.8,1+,425.88,1419.6,655.2,2184
2080,"Slip/Expansion Joint, 1/2""",10,25,20,52.3,1+,667.23,2668.92,1026.5,4106
20M-38,Male Component of Slip Joint,10,60,,44.3,1+,856.44,1427.4,1317.6,2196
20M-50,Male Component of Slip Joint,10,60,20,57.5,1+,905.19,1508.65,1392.6,2321
20M-58,Male Component of Slip Joint,10,50,20,48.3,1+,764.08,1528.16,1175.5,2351
20M-75,Male Component of Slip Joint,10,50,,46.8,1+,783.58,1567.16,1205.5,2411
20M-78,Male Component of Slip Joint,10,50,,50.5,1+,802.75,1605.5,1235,2470
2100,"V Control Joint, 1""",10,20,20,45.9,1+,347.23,1736.15,534.2,2671
2138XS,"M Control Joint, 3/8""",10,50,20,42.8,1+,448.83,897.66,690.5,1381
2150X,"M Control Joint, 1/2"" ",10,40,,49.3,1+,423.02,1057.55,650.8,1627
2158X,"M Control Joint, 5/8""",10,40,20,49.3,1+,431.86,1079.65,664.4,1661
2175X,"M Control Joint, 3/4""",10,30,20,53.3,1+,353.93,1179.77,544.5,1815
2178X,"M Control Joint, 7/8""",10,30,,60.5,1+,403.65,1345.5,621,2070
2201-50,"Surface Mounted J Bead, 1/2""",10,50,35,19.9,1+,173.23,346.46,266.5,533
2201-58,"Surface Mounted J Bead, 5/8""",10,50,30,34.9,1+,173.23,346.46,266.5,533
22027-16,"V Control Joint, 1/16""",10,50,20,38.3,1+,315.25,630.5,485,970
2202725,"V Control Joint, 1/4""",10,35,,40.3,1+,365.14,1043.26,561.75,1605
2209,"Corner Bead, 1 5/8""",10,100,20,79.7,1+,328.9,328.9,506,506
2209MESH,"Mesh Corner Bead, 7/8""",10,50,20,42.5,1+,259.68,519.36,399.5,799
2221-1,"Surface Mounted L Bead, 1""",10,50,20,37.9,1+,259.35,518.7,399,798
222138,"Surface Mounted L Bead, 3/8""",10,50,,33.9,1+,149.83,299.66,230.5,461
2221-45,Angled Termination Bead,10,100,20,49.7,1+,314.6,314.6,484,484
2221-50,"Surface Mounted ""L"" Bead, 1/2""",10,50,30,36.9,1+,149.83,299.66,230.5,461
2221-58,"Surface Mounted ""L"" Bead, 5/8""",10,50,35,26.4,1+,157.3,314.6,242,484
2223,Corner Bead Inside/Outside,10,50,,57.2,1+,401.7,803.4,618,1236
2225,EIFS Exterior Aesthetic,10,30,35,33.6,1+,258.57,861.9,397.8,1326
2226,EIFS Exterior Aesthetic,10,35,,34.4,1+,352.17,1006.2,541.8,1548
2227,EIFS Exterior Aesthetic,10,35,20,33.3,1+,335.79,959.4,516.6,1476
2229,EIFS Exterior Aesthetic ,10,35,20,29.9,1+,323.28,923.66,497.35,1421
223238,"H Trim, 3/8""",10,50,,24.9,1+,294.45,588.9,453,906
223250,"H Trim, 1/2""",10,50,,24.9,1+,297.38,594.76,457.5,915
2232516,"H Trim, 5/16""",10,50,,24.9,1+,293.15,586.3,451,902
2235,EIFS Exterior Aesthetic,10,30,20,39.8,1+,316.88,1056.27,487.5,1625
2236,EIFS Exterior Aesthetic,10,30,,40.4,1+,332.09,1106.97,510.9,1703
223ANGLE,Inside/Outside Corner Angle,10,50,30,57.2,1+,401.7,803.4,618,1236
2250,"""M"" Control Joint, 1/2""",10,25,20,36.6,1+,264.55,1058.2,407,1628
2254P,"Soffit Drip Screed 5/8""",10,25,,35.2,1+,324.03,1296.12,498.5,1994
2258,"M Control Joint, 5/8""",10,20,20,42.3,1+,213.85,1069.25,329,1645
2710,Hideaway Expansion 10' 25pc,10,25,63,17,All Qtys,57.62,230.48,102.33,409.32
300X08,"Continuous Soffit Vent, 2 5/8""",8,50,20,52.4,1+,231.92,579.8,356.8,892
300X10,"Continuous Soffit Vent, 2 5/8""",10,50,20,68.3,1+,289.9,579.8,446,892
3010,"1/2"" Pullaway 10' 35pc",10,35,63,20,All Qtys,45.36,129.6,66.75,190.71
301X08,"Continuous Soffit Vent, 1 3/4""",8,50,20,30.8,1+,195.52,488.8,300.8,752
301X10,"Cont. Soffit Vent, 1 3/4""",10,50,20,40,1+,244.4,488.8,376,752
31610,"3/16"" Small Bullnose 10' 50pc",10,50,80,28,All Qtys,80.5,161,118.45,236.9
31620,"3/16"" Small Bullnose Archway",10,50,80,28,All Qtys,105.82,211.64,155.71,311.42
3300X08,"Cont. Soffit Vent, 3"", 3/8"" ",8,35,20,27.2,1+,170.72,609.71,262.64,938
3300X10,"Cont. Soffit Vent, 3"", 3/8"" ",10,35,20,35.5,1+,213.4,609.71,328.3,938
35008,"3/8"" Medium Bullnose Corner 8'",8,35,80,21,All Qtys,36.57,130.60714,55.25,197.32
35009,"3/8"" Medium Bullnose Corner 9'",9,35,80,23,All Qtys,41.15,130.63492,62.17,197.37
35010,"3/8"" Medium Bullnose Corner ",10,35,80,25,All Qtys,45.71,130.6,69.07,197.34
35020," 3/8"" Medium Bullnose Arch 10'",10,25,96,22,All Qtys,46.72,186.88,68.75,275
35030,"3/8"" Medium Bullnose Splayed ",10,35,96,22,All Qtys,46.34,132.4,68.18,194.8
35080,"3/8"" Medium Bullnose Kerfed Co",10,35,64,22,All Qtys,48.45,138.42857,71.29,203.69
35100,"Unpunched Casing Bead 1""",10,40,20,74.5,1+,437.87,1094.68,673.64,1684.1
35138,"Unpunched Casing Bead 1 3/8""",10,40,20,74.5,1+,556.4,1391,856,2140
35138WP,Unpunched Casing Bead w/,10,40,,74.5,1+,556.4,1391,856,2140
3548-50,"Continuous Soffit Vent, 3""",10,13,25,22.9,1+,275.72,2120.92,424.19,3263
3548-58,"Continuous Soffit Vent, 3""",10,13,20,28.1,1+,290.93,2237.92,447.59,3443
3549-50,"Continuous Soffit Vent, 3""",10,13,25,21,1+,259.75,1998.08,399.62,3074
354958,"Continuous Soffit Vent 3""",10,13,25,24.7,1+,267.53,2057.92,411.58,3166
3549-75,"Continuous Soffit Vent 3""",10,13,20,26,1+,284.43,2187.92,437.58,3366
3550,"Unpunched Casing Bead 1/2""",10,40,20,64.7,1+,499.2,1248,768,1920
3575,"Unpunched Casing Bead 3/4""",10,40,20,83.3,1+,517.14,1292.85,795.6,1989
3575WP,Unpunched Casing Bead w/ ,10,40,,83.3,1+,517.14,1292.85,795.6,1989
3578,"Unpunched Casing Bead 7/8""",10,40,20,83.3,1+,517.14,1292.85,795.6,1989
3578WP,Unpunched Casing Bead w/,10,40,20,83.3,1+,517.14,1292.85,795.6,1989
3611,"2 11/16"" & 2 1/8"" L Bead 10' ",10,30,80,35,All Qtys,78.06,260.2,114.86,382.87
3710,Super L Bead 10' 30pc,10,30,63,41,All Qtys,92.11,307.03333,135.54,451.8
3810,Super Archway L Bead 10' 30pc,10,30,63,47,All Qtys,102.29,340.96666,150.51,501.7
3850,Giant L Bead 10' 20pc,10,20,33,48,All Qtys,122.63,613.15,180.44,902.2
3860,Giant Archway L Bead 10' 20pc,10,20,33,52,All Qtys,129.4,647,190.41,952.05
3X10,"Corner Bead, 2 1/2""",10,50,20,35.3,1+,164.45,328.9,253,506
400609,"Corner Bead 6' 9"" 50pc",6.8,50,80,19,All Qtys,32.68,96.11764,48.09,141.44
4008,Corner Bead 8' 50pc,8,50,80,23,All Qtys,39.21,98.025,57.7,144.25
4009,Corner Bead 9' 50pc,9,50,80,24,All Qtys,44.12,98.04444,64.92,144.27
4010,Corner Bead 10' 50pc,10,50,80,29,All Qtys,49,98,72.1,144.2
4012,Corner Bead 12' 50pc,12,50,80,33,All Qtys,58.82,98.03333,86.55,144.25
4110,Archway Corner Bead 10' 50pc,10,50,80,29,All Qtys,54.5,109,80.2,160.4
4210,Outside Splayed Corner 10' ,10,70,80,35,All Qtys,68.62,98.02857,100.97,144.24
4300X08,"Cont Soffit Vent, 4"", 3/8"" ",8,35,20,35,1+,183.09,653.89,281.68,1006
4300X10,"Cont Soffit Vent, 4"", 3/8""",10,35,20,54.4,1+,228.87,653.91,352.1,1006
4310,Adjustable Inside Corner 10',10,70,80,36,All Qtys,76.3,109,112.27,160.39
4320,Magic Corner 200' 1roll,200,1,60,14,All Qtys,32.18,160.9,47.35,236.75
4366,Magic Corner 10' 50pc,10,50,80,32,All Qtys,81.57,163.14,120.02,240.04
4410,"4 5/8"" Fast Cap 10' 10pc",10,10,45,25,All Qtys,69.31,693.1,101.99,1019.9
4510,"4 7/8"" Fast Cap 10' 10pc",10,10,45,30,All Qtys,69.31,693.1,101.99,1019.9
4548-50,"Continuous Soffit Vent 4""",10,13,20,24.7,1+,295.75,2275,455,3500
4548516FCT,"Fiber Cement Board Vents, 4""",10,13,20,23.3,1+,272.09,2093,418.6,3220
4548-58,"Continuous Soffit Vent , 4""",10,13,20,24.7,1+,301.67,2320.54,464.1,3570
4549-50,"Continuous Soffit Vent, 4""",10,13,20,30.3,1+,295.24,2271.08,454.22,3494
4549-58,"Continuous Soffit Vent 4"", 5/8",10,13,,30.3,1+,230.36,1772,354.4,2726.13
4549-75,"Continuous Soffit Vent 4"", 3/4",10,13,20,29.4,1+,307.5,2365.38,473.07,3639
460,90 Degrees Pro Series Quad ,,1,48,3,All Qtys,125.13,125.13,184.13,257.78
463,Fast Edge Paper Pro Series,,1,48,3,All Qtys,125.13,125.13,184.13,257.78
464,Fast Edge Paper Medium Pro  ,,1,40,3,All Qtys,125.13,125.13,184.13,257.78
4810,"3 3/4"" Fast Cap 10' 10pc",10,10,45,24,All Qtys,65.59,655.9,96.51,965.1
4883,"3 1/2"" Fast Cap 10' 10pc",10,10,45,23,All Qtys,65.59,655.9,96.51,965.1
500-75,"Slip/Expansion Joint 1-1/2""",10,15,,42.8,1+,419.54,2796.93,645.45,4303
5010,"7/8"" Mud on Ceiling Bead 10' ",10,40,80,21,All Qtys,81.76,204.4,120.3,300.75
5012,"7/8"" Mud on Ceiling Bead 12'",12,40,80,25,All Qtys,98.09,204.35416,144.34,300.71
501-58,"Slip/Expansion Joint 1"" x 5/8""",10,20,,37.3,1+,547.04,2735.2,841.6,4208
501-75,"Slip/Expansion Joint 1"" x 3/4""",10,20,20,58.3,1+,555.1,2775.5,854,4270
5020,"9/16"" Mud on Ceiling Bead 10'",10,40,80,21,All Qtys,81.76,204.4,120.3,300.75
511-50,In/Out Corner Expansion Joint ,10,15,,51.2,1+,385.22,2568.13,592.65,3951
511-75,In/Out Corner Expansion Joint,10,15,20,60.1,1+,397.9,2652.67,612.15,4081
540,Black Widow Pro Sander 4pc,,4,120,4,All Qtys,130.37,32.5925,191.84,67.14
540-50,"Drip Screed, 1/2""",10,15,,34.6,1+,350.03,2333.53,538.5,3590
540-75,"Drip Screed, 3/4""",10,15,20,42.8,1+,354.12,2360.8,544.8,3632
540M-25,"W Soffit Drip, 1/4""",10,50,,46.9,1+,703.95,1407.9,1083,2166
540M-38,"W Soffit Drip, 3/8""",10,60,,67.7,1+,844.74,1407.9,1299.6,2166
540M-50,"W Soffit Drip, 1/2""",10,50,,52.8,1+,703.95,1407.9,1083,2166
540M-58,"W Soffit Drip, 5/8""",10,50,20,67.7,1+,713.7,1427.4,1098,2196
540M-75,"W Soffit Drip, 3/4""",10,50,,65.3,1+,744.58,1489.16,1145.5,2291
540M-78,"W Soffit Drip, 7/8""",10,50,20,65.3,1+,764.08,1528.16,1175.5,2351
540P,Black Widow Pro Sander,,4,30,10,All Qtys,130.36,32.59,191.82,67.14
548-1,"Continuous Soffit Vent, 1""",10,10,20,27.8,1+,221.2,2212,340.3,3403
54815,"Continuous Soffit Vent, 1 1/2""",10,8,20,29.5,1+,212.21,2652.63,326.48,4081
548-50,"Continuous Soffit Vent 2 5/8""",10,13,25,26.2,1+,275.72,2120.92,424.19,3263
548516FCT,Fiber Cement Board Vents,10,13,,13.1,1+,252.49,1942.23,388.44,2988
548-58,"Continuous Soffit Vent, 2 5/8""",10,13,25,27.5,1+,290.93,2237.92,447.59,3443
54858HI,"Continuous Soffit Vent, 2 5/8""",10,13,,21,1+,273.78,2106,421.2,3240
548-75,"Continuous Soffit Vent 2 5/8""",10,13,30,21.8,1+,290.93,2237.92,447.59,3443
549-50,"Continuous Soffit Vent 2 3/8""",10,13,20,25.5,1+,254.09,1954.54,390.91,3007
549-58,"Continuous Soffit Vent 2 3/8""",10,13,20,25.5,1+,256.54,1973.38,394.68,3036
549-75,"Continuous Soffit Vent, 2 3/8""",10,13,25,28.8,1+,278.17,2139.77,427.96,3292
5497525,Clog-Free Continuous Soffit,10,13,20,28.8,1+,305.81,2352.38,470.47,3619
549-78,"Continuous Soffit Vent 2 3/8""",10,13,25,28.8,1+,291.95,2245.77,449.15,3455
5510T,"1/2"" x 1/2"" Tear Away Shadow",10,25,96,14,All Qtys,36.77,147.08,54.11,216.44
5510T-IC,"½"" x ½"" TearAway Shadow IC Int",,10,1,1,All Qtys,103.77,10.377,152.69,21.38
5510T-L,"½"" x ½"" TearAway Shadow L Int",,10,1,1,All Qtys,103.77,10.377,152.69,21.38
5510T-OC,"½"" x ½"" TearAway Shadow OC Int",,10,1,1,All Qtys,103.77,10.377,152.69,21.38
5520T,"3/8"" x 3/8"" Tear Away Shadow",10,25,96,12,All Qtys,28.89,115.56,54.11,216.44
5520T-IC,"⅜"" x ⅜"" TearAway Shadow IC Int",,10,1,1,All Qtys,103.77,10.377,152.69,21.38
5520T-L,"⅜"" x ⅜"" Tear Away Shadow L Int",,10,1,1,All Qtys,103.77,10.377,152.69,21.38
5520T-OC,"⅜"" x ⅜"" TearAway Shadow OC Int",,10,1,1,All Qtys,103.77,10.377,152.69,21.38
5550T,"3/8"" x 3/8"" Arch Shadow 10' ",10,25,96,13,All Qtys,48.53,194.12,71.41,285.64
5560T,"1/2"" x 1/2"" Arch Shadow 10' 25",10,25,96,15,All Qtys,53.38,213.52,78.55,314.2
560-C,Black Widow Sand Pads Coarse,,24,120,3,All Qtys,27.94,1.164167,41.11,2.4
560-CX,Black Widow Sanding Pads Xtra,,24,120,3,All Qtys,27.94,1.164167,41.11,2.4
560-F,Black Widow Sanding Pads Fine,,24,120,3,All Qtys,27.94,1.164167,41.11,2.4
560-FX,Black Widow Sanding Pads Xtra,,24,120,3,All Qtys,27.94,1.164167,41.11,2.4
560-M,Black Widow Sanding Pads Med.,,24,120,3,All Qtys,27.94,1.164167,41.11,2.4
580,"Round Black Widow 9"" Sander ",,4,999,1,All Qtys,76.07,19.0175,111.94,39.18
580-C,Round Black Widow Sanding Pads,,24,96,3,All Qtys,56.94,2.3725,83.79,4.89
580-CX,Round Black Widow Sanding Pads,,24,96,3,All Qtys,56.94,2.3725,83.79,4.89
580-F,Round Black Widow Sanding Pads,,24,96,3,All Qtys,56.94,2.3725,83.79,4.89
580-FX,Round Black Widow Sanding Pads,,24,96,3,All Qtys,56.94,2.3725,83.79,4.89
580-M,Round Black Widow Sanding Pads,,24,96,3,All Qtys,56.94,2.3725,83.79,4.89
580P,"Round Black Widow 9"" Sander",,4,30,10,All Qtys,128.21,32.0525,188.65,66.03
6300,"Cont Soffit Vent, 6"", 3/8""",10,30,20,60,1+,244.92,816.4,376.8,1256
63150,"Sill Screeds, 2 1/2""",10,35,20,38.7,1+,273.91,782.6,421.4,1204
631-58,"Sill Screeds, 2 1/2"" ",10,35,30,57.5,1+,273.91,782.6,421.4,1204
63158WP,"Sill Screeds 2 1/2"" ",10,35,,50.8,1+,273.91,782.6,421.4,1204
631-75,"Sill Screeds 2 1/2""",10,35,20,48,1+,273.91,782.6,421.4,1204
63175WP,"Sill Screeds 2 1/2""",10,35,,40.3,1+,273.91,782.6,421.4,1204
631-78,"Sill Screeds, 2 1/2""",10,30,,34.5,1+,246.87,822.9,379.8,1266
63178WP,"Sill Screeds, 2 1/2""",10,30,,35.6,1+,246.87,822.9,379.8,1266
632100,"Sill Screeds 1-0""",10,25,20,47.8,1+,192.89,771.56,296.75,1187
632138,"Sill Screeds 1-3/8""",10,30,20,77.3,1+,249.99,833.3,384.6,1282
632138EL,"Sill Screeds 1-3/8""",10,30,,71.3,1+,295.04,983.47,453.9,1513
632-38,"Sill Screeds, 3 1/2"" ",10,35,20,52.9,1+,237.74,679.26,365.75,1045
632-50,"Sill Screeds 1/2""",10,35,20,56.1,1+,262.54,750.11,403.9,1154
632-50DB,Color Foundation Weep Screed ,10,35,20,56.1,1+,336.25,960.71,517.3,1478
632-50EL,"Sill Screeds, 1/2"" ",10,30,20,48.6,1+,260.33,867.77,400.5,1335
632-50GRAY,Color Foundation Weep Screed,10,35,30,56.1,1+,320.32,915.2,492.8,1408
632-50TAN,Color Foundation Weep Screed,10,35,20,47.7,1+,320.32,915.2,492.8,1408
632-58,"Sill Screeds 5/8""",10,35,30,57.5,1+,262.54,750.11,403.9,1154
63258TAN,Color Foundation Weep Screed,10,35,,71.5,1+,320.32,915.2,492.8,1408
632-75,"Sill Screeds 3/4""",10,35,20,57.8,1+,255.26,729.31,392.7,1122
632-75GRAY,Color Foundation Weep Screed,10,35,20,73.2,1+,311.22,889.2,478.8,1368
632-75TAN,Color Foundation Weep Screed,10,35,20,64.8,1+,311.45,889.86,479.15,1369
632-78,"Sill Screeds 7/8""",10,30,20,72.8,1+,230.49,768.3,354.6,1182
632-78DB,Color Foundation Weep Screed,10,30,20,62.3,1+,295.04,983.47,453.9,1513
63278EL,"Sill Screed 7/8""",10,30,20,76.1,1+,286.26,954.2,440.4,1468
63278GRAY,Color Foundation Weep Screed,10,30,20,62.3,1+,281.19,937.3,432.6,1442
63278TAN,Color Foundation Weep Screed,10,30,20,62.3,1+,281.19,937.3,432.6,1442
654950,"Continuous Soffit Vent 6""",10,10,20,31.3,1+,297.96,2979.6,458.4,4584
7008,"3/4"" Large Bullnose Corner 8'",8,35,80,21,All Qtys,34.64,123.71428,50.97,182.04
7009,"3/4"" Large Bullnose Corner 9'",9,35,80,23,All Qtys,38.98,123.74603,57.35,182.06
7010,"3/4"" Large Bullnose Corner 10'",10,35,80,26,All Qtys,43.3,123.71428,63.71,182.03
7012,"3/4"" Large Bullnose Corner 12'",12,35,80,33,All Qtys,51.96,123.71428,76.45,182.02
7066,"1 1/2"" Jumbo Bullnose Inside ",10,30,42,35,All Qtys,120.64,402.13333,177.52,591.73
70725,Ultra-Trac Aesthetic Stucco,10,35,,50.2,1+,384.25,1097.86,591.15,1689
70738,Ultra-Trac Aesthetic Stucco,10,35,,39.4,1+,388.57,1110.2,597.8,1708
707-50,Ultra-Trac Aesthetic Stucco,10,35,20,46.4,1+,566.7,1619.14,871.85,2491
707-58,Ultra-Trac Aesthetic Stucco,10,35,20,48.5,1+,588.77,1682.2,905.8,2588
707-75,Ultra-Trac Aesthetic Stucco,10,30,20,52.1,1+,540.54,1801.8,831.6,2772
70778,Ultra-Trac Aesthetic Stucco,10,30,20,52.1,1+,566.28,1887.6,871.2,2904
7080,"3/4"" Large Bullnose Kerfed 10'",10,35,96,25,All Qtys,44.51,127.17142,65.49,187.11
708-25,Ultra-Trac Aesthetic Stucco,10,50,20,49.9,1+,422.5,845,650,1300
708-50,Ultra-Trac Aesthetic Stucco,10,35,20,50.8,1+,569.89,1628.26,876.75,2505
708-58,Ultra-Trac Aesthetic Stucco,10,30,20,44.9,1+,507.39,1691.3,780.6,2602
708-75,Ultra-Trac Aesthetic Stucco,10,30,20,53.3,1+,543.27,1810.9,835.8,2786
708-78,Ultra-Trac Aesthetic Stucco,10,30,,53.3,1+,615.23,2050.77,946.5,3155
709-25,Ultra-Trac Aesthetic Stucco,10,50,,98.7,1+,427.7,855.4,658,1316
709-50,Ultra-Trac Aesthetic Stucco,10,20,20,36.7,1+,327.73,1638.65,504.2,2521
709-58,Ultra-Trac Aesthetic Stucco,10,20,20,33.7,1+,340.47,1702.35,523.8,2619
709-75,Ultra-Trac Aesthetic Stucco,10,20,20,40.3,1+,363.09,1815.45,558.6,2793
709-78,Ultra-Trac Aesthetic Stucco,10,20,20,41.3,1+,411.32,2056.6,632.8,3164
710-25,Ultra-Trac Aesthetic Stucco,10,50,20,76.7,1+,432.25,864.5,665,1330
710-50,Ultra-Trac Aesthetic Stucco,10,20,20,33.3,1+,329.29,1646.45,506.6,2533
710-58,Ultra-Trac Aesthetic Stucco ,10,20,20,31.1,1+,341.9,1709.5,526,2630
710-75,Ultra-Trac Aesthetic Stucco,10,20,20,40.3,1+,365.56,1827.8,562.4,2812
710-78,Ultra-Trac Aesthetic Stucco,10,20,,45.3,1+,414.05,2070.25,637,3185
7110,"3/4"" Large Bullnose Archway Co",10,35,80,25,All Qtys,47.23,134.94285,69.5,198.57
711-25,Ultra-Trac Aesthetic Stucco,10,40,,49.9,1+,413.14,1032.85,635.6,1589
711-38,Ultra-Trac Aesthetic Stucco,10,35,,57.7,1+,461.14,1317.54,709.45,2027
711-50,Ultra-Trac Aesthetic Stucco,10,20,20,57.7,1+,404.04,2020.2,621.6,3108
71150FCT,"Fiber Cement Trim Reveal, 2""",10,35,,73.3,1+,756.89,2162.54,1164.45,3327
711-58,Ultra-Trac Aesthetic Stucco,10,20,20,44.7,1+,411.58,2057.9,633.2,3166
711-75,Ultra-Trac Aesthetic Stucco,10,20,20,62.7,1+,415.22,2076.1,638.8,3194
712-75,Ultra-Trac Aesthetic Stucco,10,13,,45,1+,303.95,2338.08,467.61,3597
713-50,Ultra-Trac Aesthetic Stucco,10,13,,29.6,1+,301.58,2319.85,463.97,3569
713-58,Ultra-Trac Aesthetic Stucco,10,13,20,29.6,1+,303.95,2338.08,467.61,3597
713-75,Ultra-Trac Aesthetic Stucco,10,13,20,38.3,1+,309.86,2383.54,476.71,3667
714-50,Ultra-Trac Aesthetic Stucco,10,13,20,37.7,1+,327.61,2520.08,504.01,3877
7310,"3/4"" Large Bullnose Splayed ",10,35,96,23,All Qtys,48.63,138.94285,71.56,204.46
8050,Truss Backing Angle 10' 25 pc,10,25,96,27,All Qtys,43.12,172.48,63.45,253.8
8158,"7/8"" Flex-Grid Angle 8' 63pc",8,63,80,42,All Qtys,224.89,446.21031,330.91,656.57
8159,"9/16"" Flex-Grid Angle 8' 63pc",8,63,80,35,All Qtys,224.89,446.21031,330.91,656.57
825,"Buttboard 6"" x 48"" 12pc",4,12,32,32,All Qtys,23.65,492.70833,34.8,725
825S,"Buttboard 48"" 500pc Bulk Skid",4,500,1,1400,All Qtys,914.98,457.49,1346.35,673.18
826,"Buttboard 6"" x 54"" 12pc",4.5,12,32,36,All Qtys,27.03,500.55555,39.78,736.67
826S,"Buttboard 54"" 500pc Bulk Skid",4.5,500,1,1500,All Qtys,1041.67,462.96444,1532.77,681.23
847,847 Spray Adhesive 12 can/ctn,,12,90,17,All Qtys,70.51,5.875833,95.31,11.12
885,Dual Angle Sanding Block M/F ,,24,180,2,All Qtys,27.89,1.162083,36.96,2.16
885-BULK,Dual Angle Sanding Block M/F ,,100,50,8,All Qtys,75,0.75,99,1.39
885F,Dual Angle Sanding Block Fine,,24,180,2,All Qtys,19.92,0.83,26.4,1.54
885F-BULK,Dual Angle Sanding Block Fine1,,100,50,8,All Qtys,75,0.75,99,1.39
888F,Single Angle Sanding Block Fin,,24,180,2,All Qtys,29.56,1.231667,43.49,2.54
888F-BULK,Single Angle Sanding Block Fin,,100,50,8,All Qtys,112.55,1.1255,165.61,2.32
888M,Single Angle Sanding Block Med,,24,180,2,All Qtys,29.56,1.231667,43.49,2.54
888M-BULK,Single Angle Sanding Block Med,,100,50,8,All Qtys,112.55,1.1255,165.61,2.32
9000,Flat Tear Away 10' 50pc,10,50,140,17,All Qtys,48.53,97.06,71.41,142.82
9002,"1/4"" Tear Away 10' 50pc",10,50,80,18,All Qtys,48.53,97.06,71.41,142.82
9004,"3/8"" Tear Away 10' 50pc",10,50,80,17,All Qtys,39.52,79.04,71.41,142.82
9008,"1/2"" Tear Away 8' 50pc",8,50,80,17,All Qtys,38.83,97.075,57.13,142.83
9010,"1/2"" Tear Away 10' 50pc",10,50,80,19,All Qtys,47.27,94.54,99.97,199.94
9012,"1/2"" Tear Away 12' 50pc",12,50,80,23,All Qtys,58.24,97.06666,85.7,142.83
903,"3/4"" Large Bullnose 2 Way 50pc",,50,200,2,All Qtys,17.31,0.3462,25.47,0.71
904,"3/4"" Large Bullnose 3 Way 50pc",,50,200,2,All Qtys,17.31,0.3462,25.47,0.71
911,"3/4"" Large Bullnose Off Angle",,50,200,2,All Qtys,27.69,0.5538,40.74,1.14
9110,"5/8"" Tear Away 10' 50pc",10,50,80,21,All Qtys,48.53,97.06,71.41,142.82
912,"3/4"" Large Bullnose Off Angle",,50,200,2,All Qtys,26.36,0.5272,38.79,1.09
917,"3/4"" Large Bullnose Base ",,50,200,3,All Qtys,21.42,0.4284,31.52,0.88
920,"3/8"" Medium Bullnose 2 Way 50p",,50,200,2,All Qtys,25.41,0.5082,37.39,1.05
921,"3/8"" Medium Bullnose Off Angle",,50,200,2,All Qtys,27.19,0.5438,40.01,1.12
9210,"3/8"" Super Seal Tear Away 10'",10,25,96,12,All Qtys,43.78,175.12,64.42,257.68
9210X,Super Seal-X,10,25,96,13,All Qtys,323.75,1295,476.38,1905.52
9210XB,Black Fire Rated 10',10,25,96,13,All Qtys,323.75,1295,476.38,1905.52
9220,Wall Mount Deflection Bead 10',10,48,42,30,All Qtys,117.46,244.70833,172.83,360.06
922M,"3/8"" Medium Bullnose Miter ",,10,200,1,All Qtys,9.89,0.989,14.55,2.04
923,"3/8"" Medium Bullnose 3 Way 50p",,50,200,2,All Qtys,27.19,0.5438,40.01,1.12
9230,Flat Deflection Bead 10' 60pc,10,60,42,31,All Qtys,114.19,190.31666,168.03,280.05
9250,1-Hour Fire Bead 10' 30pc,10,30,42,25,All Qtys,381.97,1273.23333,524.61,1748.7
926,"3/8"" Medium Bullnose Base Adap",,50,200,2,All Qtys,27.19,0.5438,40.01,1.12
9260,2-Hour Fire Bead 10' 22pc,10,22,42,21,All Qtys,307.39,1397.22727,422.18,1919
928,"3/4"" Bull Arch Finishing Tool",,12,200,3,All Qtys,61.5,5.125,90.49,10.56
9280,HotRod XL 10' 10pc,10,10,96,9,All Qtys,152.09,1520.9,208.89,2088.9
9284R,"Hotrod Type X 1/2"" x 1""  200'",40,5,20,6,All Qtys,190.32,951.6,280.04,1400.2
9284RNT,"Hotrod Type X 1/2"" x 1 200' No",40,5,20,6,All Qtys,190.32,951.6,280.04,1400.2
9285R,"Hotrod Type X 1"" x 1""  80'",20,4,20,5,All Qtys,95.65,1195.625,140.74,1759.25
9285RNT,"Hotrod Type X 1"" x 1 80' No",20,4,20,5,All Qtys,95.65,1195.625,140.74,1759.25
929,"3/4"" Bull Cleaning Tool 10pc",,10,200,2,All Qtys,33.78,3.378,49.71,6.96
932M,"3/4"" Large Bullnose Miter",,10,200,1,All Qtys,9.89,0.989,14.55,2.04
9358,"Shower Bead for 1/2"" Drywall ",8,25,54,17,All Qtys,38.17,190.85,56.17,280.85
9368,"Shower Bead for 5/8"" Drywall",8,25,54,17,All Qtys,38.17,190.85,56.17,280.85
937,"3/4"" Large Bull Splayed Base ",,50,200,2,All Qtys,36.26,0.7252,53.35,1.49
940,Large Chamfer 3 Way Corner 50p,,50,200,2,All Qtys,54.17,1.0834,79.71,2.23
9405,Fire Gasket 0.5  5' 60pc,5,60,48,15,All Qtys,305.76,1019.2,449.91,1499.7
941,Medium Chamfer 3 Way Corner ,,50,200,2,All Qtys,26.72,0.5344,39.32,1.1
9410,Fire Gasket 1 5' 60pc,5,60,42,20,All Qtys,446.46,1488.2,656.94,2189.8
9415,Fire Gasket 1.5  5' 50pc,5,50,42,25,All Qtys,423.49,1693.96,623.15,2492.6
9420,Sound Gasket 1  5'  60pc,5,60,42,15,All Qtys,259.14,863.8,381.31,1271.03
9425,Sound Gasket 0.5  5' 60pc,5,60,48,15,All Qtys,189.61,632.03333,279,930
943M,Medium Chamfer Miter Marker,,10,200,1,All Qtys,11.25,1.125,16.56,2.32
944,Medium Chamfer Adapter 50pc,,50,200,2,All Qtys,20.95,0.419,30.82,0.86
945,Large Chamfer Adapter 50pc,,50,200,2,All Qtys,25.28,0.5056,37.2,1.04
946,Chamfer Splayed Adapter 25pc,,25,200,2,All Qtys,17.85,0.714,26.27,1.47
947,Large Chamfer Off Angle 3-Way,,25,200,2,All Qtys,46.2,1.848,67.98,3.81
948,Medium Chamfer Off Angle 3-Way,,25,200,2,All Qtys,17.85,0.714,26.27,1.47
9508,Large Chamfer Bead 8' 30pc,8,30,80,19,All Qtys,40.78,169.91666,60,250
9509,Large Chamfer Bead 9' 30pc,9,30,80,22,All Qtys,45.87,169.88888,67.5,250
9510,Large Chamfer Bead 10' 30pc,10,30,80,24,All Qtys,50.97,169.9,75,250
9550,Large Chamfer Archway Bead 10',10,30,80,25,All Qtys,59.69,198.96666,87.83,292.77
9570,Large Chamfer Splayed Bead 10',10,20,140,16,All Qtys,33.98,169.9,50,250
9608,Medium Chamfer Bead 8' 30pc,8,30,96,16,All Qtys,36.09,150.375,53.11,221.29
9609,Medium Chamfer Bead 9' 30pc,9,30,96,17,All Qtys,47.51,175.96296,69.91,258.93
9610,Medium Chamfer Bead 10' 30pc,10,30,96,19,All Qtys,59.51,198.36666,87.57,291.9
9650,Medium Chamfer Arch 10' 30pc,10,30,96,24,All Qtys,60.74,202.46666,89.38,297.93
9670,Medium Chamfer Splayed Bead ,10,20,140,16,All Qtys,44.26,221.3,65.12,325.6
990,Fire Tape 12pc/carton,250,12,45,15,45+,196.68,65.56,248.04,82.68
AS3206,"AS 3/8"" L Bead 10' 80pc",10,80,64,21,All Qtys,60.14,75.175,88.5,110.63
AS3210,"AS 1/2"" L Bead 10' 80pc",10,80,64,24,All Qtys,60.14,75.175,88.5,110.63
AS3266,"AS Arch 3/8"" L Bead 10' 50pc",10,50,64,13,All Qtys,66.61,133.22,98.02,196.04
AS3288,"AS Arch 1/2"" L Bead 10' 50pc",10,50,64,21,All Qtys,66.61,133.22,98.02,196.04
AS3299,"AS Arch 5/8"" L Bead 10' 50pc",10,50,64,23,All Qtys,66.61,133.22,98.02,196.04
AS3310,"AS 5/8"" L Bead 10' 80pc",10,80,64,27,All Qtys,60.14,75.175,88.5,110.63
AS3410,"AS 3/4"" L Bead 10' 50pc",10,50,64,25,All Qtys,66.61,133.22,98.02,196.04
AS3510,"AS 1"" L Bead 10' 50pc",10,50,64,26,All Qtys,76.41,152.82,112.44,224.88
AS3610,"AS 1 1/4"" L Bead 10' 50pc",10,50,64,29,All Qtys,76.41,152.82,112.44,224.88
AS3650,"AS 1 1/2"" L Bead 10' 50pc",10,50,64,32,All Qtys,87.54,175.08,128.81,257.62
AS5110,"AS 1/2"" x 1/2"" Reveal 10' 20pc",10,20,63,17,All Qtys,45.11,225.55,66.38,331.9
AS5110-C,"AS ½"" x ½"" Cross Int 4in 10pc",,10,1,1,All Qtys,160.05,16.005,235.51,32.97
AS5110-IC,"AS ½"" x ½"" IC Int 4in 10pc",,10,999,1,All Qtys,103.77,10.377,152.69,21.38
AS5110-L,"AS ½"" x ½"" 90°L Int 4in 10pc",,10,999,1,All Qtys,103.77,10.377,152.69,21.38
AS5110-OC,"AS ½"" x ½"" OC Int 4in 10pc",,10,999,1,All Qtys,103.77,10.377,152.69,21.38
AS5110-T,"AS ½"" x ½"" T Int 4in 10pc",,10,999,1,All Qtys,124.13,12.413,182.65,25.57
AS5130,"AS ⅜"" x ⅜"" Reveal 10' 20pc",10,20,63,16,All Qtys,45.11,225.55,66.38,331.9
AS5130-C,"AS ⅜"" x ⅜"" Cross Int 4in 10pc",,10,1,1,All Qtys,160.05,16.005,235.51,32.97
AS5130-IC,"AS ⅜"" x ⅜"" IC Int 4in 10pc",,10,1,1,All Qtys,103.77,10.377,152.69,21.38
AS5130-L,"AS ⅜"" x ⅜"" 90°L Int 4in 10pc",,10,1,1,All Qtys,103.77,10.377,152.69,21.38
AS5130-OC,"AS ⅜"" x ⅜"" OC Int 4in 10pc",,10,1,1,All Qtys,103.77,10.377,152.69,21.38
AS5130-T,"AS ⅜"" x ⅜"" T Int 4in 10pc",,10,1,1,All Qtys,124.13,12.413,182.65,25.57
AS5150,"AS 1/4"" x 1/4"" Reveal 10' 25pc",10,25,80,19,All Qtys,56.39,225.56,82.97,331.88
AS5150-C,"AS ¼"" x ¼"" Cross Int 4in 10pc",,10,1,1,All Qtys,160.05,16.005,235.51,32.97
AS5150-IC,"AS ¼"" x ¼"" IC Int 4in 10pc",,10,999,1,All Qtys,103.77,10.377,152.69,21.38
AS5150-L,"AS ¼"" x ¼"" 90°L Int 4in 10pc",,10,999,1,All Qtys,103.77,10.377,152.69,21.38
AS5150-OC,"AS ¼"" x ¼"" OC Int 4in 10pc",,10,999,1,All Qtys,103.77,10.377,152.69,21.38
AS5150-T,"AS ¼"" x ¼"" T Int 4in 10pc",,10,999,1,All Qtys,124.13,12.413,182.65,25.57
AS5310,"AS 1/2"" x 1"" Reveal 10' 15pc",10,15,63,17,All Qtys,45.49,303.26666,66.94,446.27
AS5310-C,"AS ½"" x 1"" Cross Int 4in 10pc",,10,1,1,All Qtys,160.05,16.005,235.51,32.97
AS5310-IC,"AS ½"" x 1"" IC Int 4in 10pc",,10,1,1,All Qtys,103.77,10.377,152.69,21.38
AS5310-L,"AS ½"" x 1"" 90°L Int 4in 10pc",,10,1,1,All Qtys,103.77,10.377,152.69,21.38
AS5310-OC,"AS ½"" x ½"" OC Int 4in 10pc",,10,1,1,All Qtys,103.77,10.377,152.69,21.38
AS5310-T,"AS ½"" x 1"" T Int 4in 10pc",,10,1,1,All Qtys,124.13,12.413,182.65,25.57
AS5325,"AS 5/8"" x 5/8"" Reveal 10' 15pc",10,15,63,15,All Qtys,39.82,265.46666,58.6,390.67
AS5325-C,"AS ⅝"" x ⅝"" Cross Int 4in 10pc",,10,1,1,All Qtys,160.05,16.005,235.51,32.97
AS5325-IC,"AS ⅝"" x ⅝"" IC Int 4in 10pc",,10,1,1,All Qtys,103.77,10.377,152.69,21.38
AS5325-L,"AS ⅝"" x ⅝"" 90°L Int 4in 10pc",,10,1,1,All Qtys,103.77,10.377,152.69,21.38
AS5325-OC,"AS ⅝"" x ⅝"" OC Int 4in 10pc",,10,1,1,All Qtys,103.77,10.377,152.69,21.38
AS5325-T,"AS ⅝"" x ⅝"" T Int 4in 10pc",,10,1,1,All Qtys,124.13,12.413,182.65,25.57
AS5410,"AS 1/2"" x 1/4"" Z Shadow 10' ",10,50,64,21,All Qtys,81.84,163.68,120.42,240.84
AS5410-IC,"AS ½"" x ¼"" Z Shadow IC Int.",,10,1,1,All Qtys,103.77,10.377,152.69,21.38
AS5410-L,"AS ½"" x ¼"" Z Shadow L Int.",,10,1,1,All Qtys,103.77,10.377,152.69,21.38
AS5410-OC,"AS ½"" x ¼"" Z Shadow OC Int.",,10,1,1,All Qtys,103.77,10.377,152.69,21.38
AS5510,"AS 1/2"" x 1/2"" Z Shadow 10' 50",10,50,64,25,All Qtys,81.84,163.68,120.42,240.84
AS5510-IC,"AS ½"" x ½"" Z Shadow IC Int.",,10,40,1,All Qtys,103.77,10.377,152.69,21.38
AS5510-L,"AS ½"" x ½"" Z Shadow L Int.",,10,1,1,All Qtys,103.77,10.377,152.69,21.38
AS5510-OC,"AS ½"" x ½"" Z Shadow OC Int.",,10,1,1,All Qtys,103.77,10.377,152.69,21.38
AS5610,"AS 1/2"" x 3/4"" Z Shadow 10' 50",10,50,64,27,All Qtys,81.84,163.68,120.42,240.84
AS5610-IC,"AS ½"" x ¾” Z Shadow IC Int ",,10,,1,All Qtys,103.77,10.377,152.69,21.38
AS5610-L,"AS ½"" x ¾” Z Shadow L Int ",,10,1,1,All Qtys,103.77,10.377,152.69,21.38
AS5610-OC,"AS ½"" x ¾” Z Shadow OC Int ",,10,1,1,All Qtys,103.77,10.377,152.69,21.38
AS5810,"AS 5/8"" x 1/2"" Z Shadow 10' ",10,50,64,26,All Qtys,81.84,163.68,120.42,240.84
AS5810-IC,"AS ⅝” x ½"" Z Shadow IC Int ",,10,1,1,All Qtys,103.77,10.377,152.69,21.38
AS5810-L,"AS ½"" x ¾” Z Shadow L Int ",,10,1,1,All Qtys,103.77,10.377,152.69,21.38
AS5810-OC,"AS ⅝” x ½"" Z Shadow OC Int ",,10,1,1,All Qtys,103.77,10.377,152.69,21.38
AS5910,"AS 5/8"" x 3/4"" Z Shadow 10' 50",10,50,64,29,All Qtys,81.84,163.68,120.42,240.84
AS5910-IC,"AS ⅝"" x ¾” Z Shadow IC Int.",,10,1,1,All Qtys,103.77,10.377,152.69,21.38
AS5910-L,"AS ⅝"" x ¾” Z Shadow L Int.",,10,1,1,All Qtys,103.77,10.377,152.69,21.38
AS5910-OC,"AS ⅝"" x ¾” Z Shadow OC Int.",,10,1,1,All Qtys,103.77,10.377,152.69,21.38
AS6010,"AS 5/8"" x 5/8"" Z Shadow 10' ",10,50,80,28,All Qtys,81.84,163.68,120.42,240.84
AS6010-IC,"AS ⅝"" x ⅝"" Z Shadow IC Int.",,10,1,1,All Qtys,103.77,10.377,152.69,21.38
AS6010-L,"AS ⅝"" x ⅝"" Z Shadow L Int.",,10,1,1,All Qtys,103.77,10.377,152.69,21.38
AS6010-OC,"AS ⅝"" x ⅝"" Z Shadow OC Int.",,10,1,1,All Qtys,103.77,10.377,152.69,21.38
AS8710,"AS 1/2"" x 1/2"" F Reveal 10' ",10,25,80,16,All Qtys,46.87,187.48,68.97,275.88
AS8710-IC,"AS ½"" x ½"" F Reveal IC Int.",,10,1,1,All Qtys,103.77,10.377,152.69,21.38
AS8710-L,"AS ½"" x ½"" F Reveal L Int.",,10,1,1,All Qtys,103.77,10.377,152.69,21.38
AS8710-OC,"AS ½"" x ½"" F Reveal OC Int.",,10,1,1,All Qtys,103.77,10.377,152.69,21.38
AS8720,"AS 3/8"" x 3/8"" F Reveal 10' 25",10,25,80,15,All Qtys,46.87,187.48,68.97,275.88
AS8720-IC,"AS ⅜"" x ⅜"" F Reveal IC Int. ",,10,1,1,All Qtys,103.77,10.377,152.69,21.38
AS8720-L,"AS ⅜"" x ⅜"" F Reveal L Int. ",,10,1,1,All Qtys,103.77,10.377,152.69,21.38
AS8720-OC,"AS ⅜"" x ⅜"" F Reveal OC Int. ",,10,1,1,All Qtys,103.77,10.377,152.69,21.38
AS8750,"AS 5/8""x5/8"" F Reveal 10' 20pc",10,20,80,16,All Qtys,44.35,221.75,65.26,326.3
AS8750-IC,"AS ⅝"" x ⅝"" F Reveal IC Int.",,10,1,1,All Qtys,103.77,10.377,152.69,21.38
AS8750-L,"AS ⅝"" x ⅝"" F Reveal L Int.",,10,1,1,All Qtys,103.77,10.377,152.69,21.38
AS8750-OC,"AS ⅝"" x ⅝"" F Reveal OC Int.",,10,1,1,All Qtys,103.77,10.377,152.69,21.38
CA08R,Rigid Closed Angle 8' 50pc,8,50,64,23,All Qtys,39.21,98.025,57.7,144.25
CA09R,Rigid Closed Angle 9',9,50,64,26,All Qtys,44.11,98.02222,64.91,144.24
CA10R,Rigid Closed Angle 10',10,50,64,29,All Qtys,49.02,98.04,72.13,144.26
CA10RJ,Rigid Jumbo Closed Angle 10',10,45,64,33,All Qtys,95.93,213.17777,141.15,313.67
CA4008,Closed Angle Corner Bead  8',8,50,80,21,All Qtys,39.22,98.05,57.71,144.28
CA4009,Closed Angle Corner Bead  9',9,50,80,24,All Qtys,44.12,98.04444,64.92,144.27
CA4010,Closed Angle Corner Bead 10',10,50,80,27,All Qtys,49.02,98.04,72.13,144.26
CB1050WP,"Weeped Starter Trac, 1/2""",10,50,,42.2,1+,242.45,484.9,373,746
CB-1-16,"CB EIFS Casing Bead, 1""",10,40,20,58.7,1+,348.66,871.65,536.4,1341
CB-15-16,"CB EIFS Casing Bead, 1 1/2""",10,40,20,46.1,1+,387.66,969.15,596.4,1491
CB-15-16L,CB Starter Trac w/ Drip Edge,10,35,20,47.3,1+,368.1,1051.71,566.3,1618
CB-2-16,"CB EIFS Casing Bead, 2""",10,30,20,42.5,1+,355.29,1184.3,546.6,1822
CB-2-16L,CB Starter Trac w/ Drip Edge,10,30,20,54.8,1+,368.55,1228.5,567,1890
CB-50-16,"CB EIFS Casing Bead, 1/2""",10,60,20,73.7,1+,461.76,769.6,710.4,1184
CB-50-16L,CB Starter Trac w/ Drip Edge,10,60,20,85.7,1+,489.84,816.4,753.6,1256
CB-58-16,"CB EIFS Casing Bead, 5/8""",10,60,20,52.7,1+,477.36,795.6,734.4,1224
CB-58-16L,CB Starter Trac w/ Drip Edge,10,60,20,64.7,1+,503.49,839.15,774.6,1291
CB-75-16,"CB EIFS Casing Bead, 3/4""",10,40,,36.7,1+,348.66,871.65,536.4,1341
CBWP-1-16,CB EIFS Casing Bead w/ Weep,10,40,,50.7,1+,348.66,871.65,536.4,1341
CBWP-1-16L,CB Starter Trac w/ Drip Edge,10,40,,53.3,1+,382.46,956.15,588.4,1471
CBWP-15-16,CB EIFS Casing Bead w/ Weep,10,40,,46.1,1+,387.66,969.15,596.4,1491
CBWP-15-16L,CB Starter Trac w/ Drip Edge,10,35,,47.3,1+,368.1,1051.71,566.3,1618
CBWP216,CB EIFS Casing Bead w/ Weep,10,30,,42.5,1+,355.29,1184.3,546.6,1822
CBWP-2-16L,CB Starter Trac w/ Drip Edge,10,30,20,48.8,1+,368.55,1228.5,567,1890
CBWP-50-16,"CB EIFS Casing Bead, Weeped",10,60,20,59.3,1+,461.76,769.6,710.4,1184
CBWP-50-16L,CB Starter Trac w/ Drip Edge,10,60,,101.3,1+,489.84,816.4,753.6,1256
CBWP5816,"CB EIFS Casing Bead, Weeped",10,60,20,52.7,1+,477.36,795.6,734.4,1224
CBWP7516,CB EIFS Casing Bead w/ Weep,10,40,,36.7,1+,348.66,871.65,536.4,1341
CBWP7516L,CB Starter Trac w/ Drip Edge,10,40,,46.7,1+,382.46,956.15,588.4,1471
F-3549-50,F Series Continuous Soffit,10,13,25,26.1,1+,259.75,1998.08,399.62,3074
F-3549-75,"F Series Cont. Soffit Vent, 3""",10,13,20,27.4,1+,284.43,2187.92,437.58,3366
F-38,Female Component of Slip Joint,10,60,20,52.7,1+,850.59,1417.65,1308.6,2181
F454950,F Series Continuous Soffit ,10,13,25,30.3,1+,295.24,2271.08,454.22,3494
F-4549-75,F Series Continuous Soffit,10,13,,27.8,1+,307.5,2365.38,473.07,3639
F-50,Female Component of Slip Joint,10,60,20,64.7,1+,879.06,1465.1,1352.4,2254
F-58,Female Component of Slip Joint,10,60,20,70.7,1+,921.57,1535.95,1417.8,2363
F-75,Female Component of Slip Joint,10,60,20,82.7,1+,948.87,1581.45,1459.8,2433
F-78,Female Component of Slip Joint,10,50,,72.2,1+,813.48,1626.96,1251.5,2503
FE275R,Fast Edge 275 100' Roll  10pk,100,10,12,38,All Qtys,145.12,145.12,199.31,199.31
FE325R,Fast Edge 325 100' Roll  10pk,100,10,12,45,All Qtys,206.5,206.5,303.85,303.85
FE375R,Fast Edge 375 100' Roll  4 pk,100,4,18,23,All Qtys,100.24,250.6,147.5,368.75
FE450R,Fast Edge 450 100' Roll  4 pk,100,4,18,29,All Qtys,141.06,352.65,207.57,518.93
FEP08,Fast Edge Paper 8' 50pc,8,50,54,30,All Qtys,88.16,220.4,113.5,283.75
FEP08IN,Fast Edge Paper Inside 8' 50pc,8,50,80,15,80+,46.864,117.16,75,187.5
FEP08IN,Fast Edge Paper Inside 8' 50pc,8,50,80,15,All Qtys,49.33,123.325,75,187.5
FEP08M,Medium Fast Edge Paper 8' 50pc,8,50,70,20,All Qtys,63,157.5,92.7,231.75
FEP09,Fast Edge Paper 9' 50pc,9,50,54,34,All Qtys,99.18,220.4,127.69,283.76
FEP09IN,Fast Edge Paper Inside 9' 50pc,9,50,80,27,80+,52.725,117.16666,77.5,172.22
FEP09IN,Fast Edge Paper Inside 9' 50pc,9,50,80,27,All Qtys,55.4963,123.32511,77.5,172.22
FEP09M,Medium Fast Edge Paper  9' 50p,9,50,70,23,All Qtys,70.88,157.51111,104.29,231.76
FEP10,Fast Edge Paper 10' 50pc,10,50,54,38,All Qtys,110.2,220.4,141.88,283.76
FEP10IN,Fast Edge Paper Inside 10' 50p,10,50,80,21,80+,58.577,117.154,112,224
FEP10IN,Fast Edge Paper Inside 10' 50p,10,50,80,21,All Qtys,61.6625,123.325,112,224
FEP10M,Medium Fast Edge Paper 10' 50p,10,50,70,25,All Qtys,78.75,157.5,115.88,231.76
FEP12,Fast Edge Paper 12' 50pcs,12,50,54,46,All Qtys,132.23,220.38333,170.24,283.73
FEP12M,Medium Fast Edge Paper 12' 50p,12,50,70,27,All Qtys,94.5,157.5,139.05,231.75
IDT1,"i Drip Trac, 1""",10,25,20,51.6,1+,485.88,1943.52,747.5,2990
IDT-15,"i Drip Trac, 1 1/2""",10,20,20,43.3,1+,432.64,2163.2,665.6,3328
IDT2,"i Drip Trac, 2""",10,15,20,41.2,1+,356.56,2377.07,548.55,3657
IDT25,"i Drip Trac, 2 1/2""",10,15,,45.2,1+,392.34,2615.6,603.6,4024
IDT50,"i Drip Trac, 1/2""",10,35,20,68.3,1+,522.57,1493.06,803.95,2297
IDT58,"i Drip Trac, 5/8""",10,35,20,70.1,1+,562.84,1608.11,865.9,2474
J008,Jumbo Corner Bead 8' 40pc,8,40,70,23,All Qtys,48.73,152.28125,71.7,224.06
J009,Jumbo Corner Bead 9' 40pc,9,40,70,29,All Qtys,54.82,152.27777,80.66,224.06
J010,Jumbo Corner Bead 10' 40pc,10,40,70,29,All Qtys,60.9,152.25,89.61,224.03
JA10,Jumbo Archway Corner Bead 10',10,40,70,32,All Qtys,68.67,171.675,101.05,252.63
JS10,Jumbo Splay Corner Bead 10' ,10,40,63,31,All Qtys,69.39,173.475,102.11,255.28
MS35010,"Mud Set 3/8"" Medium Bullnose",10,50,63,33,All Qtys,70.94,141.88,104.39,208.78
MSR008LP,Mud Set Rigid Low Profile ,8,50,63,27,All Qtys,42.22,105.55,62.12,155.3
MSR009LP,Mud Set Rigid Low Profile 9' ,9,50,63,31,All Qtys,66.51,147.8,97.86,217.47
MSR010LP,Mud Set Rigid Low Profile 10',10,50,63,34,All Qtys,52.77,105.54,77.65,155.3
MSRJ10LP,Mud Set Jumbo Low Profile 10',10,50,33,39,All Qtys,74.4,148.8,109.47,218.94
PCDBVME1W,"Recessed Electrical Box, Low",1,4,,,1+,104,26000,160,40000
PCTS00215,White Gun-Grade Urethane,1,12,,,1+,70.2,5850,108,9000
PCZ516,"Z Flashing, 5/16""",10,50,,29.9,1+,264.55,529.1,407,814
PCZ58DB,"Z Trim, 5/8"" - Dark Brown",10,50,,29.9,1+,246.03,492.06,378.5,757
PCZ58GRAY,"Z Trim, 5/8"" - Gray",10,50,,29.9,1+,229.13,458.26,352.5,705
PDM2796,"Ultra-Lath Plus Plastic  1/8""",8,10,,21.7,1+,326.63,4082.88,502.5,6281.25
PDM2796-25,"Ultra-Lath Plus Plastic 1/4""",8,10,20,30,1+,142.35,1779.38,219,2737.5
PDM2796GRAY,"Ultra-Lath Plus Plastic  1/8""",8,10,,21.7,1+,130.65,1633.13,201,2512.5
PDM2796PB-25,"Ultra-Lath Plus Plastic  1/4""",1,10,,30,1+,152.75,15275,235,23500
PDM4-25,"Strip-Lath Plus 1/4""",8,50,20,22,1+,124.15,310.38,191,477.5
PDM6,"Strip-Lath Plus, 1/8"" - gray",8,50,20,31.2,1+,197.6,494,304,760
PDM6-25,"Strip-Lath Plus 1/4"" ",8,50,16,38.4,1+,214.5,536.25,330,825
PDM8X9625,Strip-Lath Plus Strips,8,35,20,29.9,1+,228.8,817.14,352,1257.14
PDMR-25,Ultra-Lath Plus Plastic Lath,75,1,18,28.1,1+,114.4,1525.33,176,2346.67
PDMRX100GRAY,Ultra-Lath Plus Plastic Lath,100,1,18,27.1,1+,139.75,1397.5,215,2150
PL093,"Control Joint, 1/2""",10,60,,45.9,1+,364.65,607.75,561,935
PLO293,"Control Joint - Inverted 1/2""",10,60,20,45.9,1+,473.07,788.45,727.8,1213
R010LP,Rigid Low Profile 10' 45pc,10,45,80,25,All Qtys,44.12,98.04444,64.92,144.27
RA10LP,Rigid Arch Low Profile 10' ,10,45,80,30,All Qtys,49.06,109.02222,72.19,160.42
RJ10LP,Rigid Jumbo Low Profile 10' 45,10,45,63,34,All Qtys,68.52,152.26666,100.82,224.04
RJA10LP,Rigid Jumbo Arch Low Profile,10,45,63,32,All Qtys,82.22,182.71111,120.99,268.87
RS10,Rigid Splayed Corner 10' 40pc,10,40,63,26,All Qtys,43.11,107.775,63.44,158.6
SB-1,"Window/Door Drip Edge, 1""",10,75,20,94.7,1+,668.36,891.15,1028.25,1371
SB-15,"Window/Door Drip Edge, 1 1/2""",10,60,20,91.1,1+,680.55,1134.25,1047,1745
SB15GRAY,"Window/Door Drip Edge, 1 1/2""",10,60,,79.1,1+,829.92,1383.2,1276.8,2128
SB-2,"Window/Door Drip Edge, 2""",10,50,20,79.7,1+,622.38,1244.76,957.5,1915
SB-25,"Window/Door Drip Edge, 2 1/2""",10,30,20,65.3,1+,396.05,1320.17,609.3,2031
SB-3,"Window/Door Drip Edge, 3""",10,30,20,86.1,1+,517.14,1723.8,795.6,2652
SB-4,"Window/Door Drip Edge, 4""",10,25,,80.3,1+,441.51,1766.04,679.25,2717
SB-75,"Window/Door Drip Edge, 3/4""",10,100,,114.7,1+,739.05,739.05,1137,1137
SBCI15X78NF,Hard Coat Trac for Foam System,10,8,,35.5,1+,172.59,2157.38,265.52,3319
SBCI25X34NF,Hard Coat Trac for Foam System,8,10,20,28.5,1+,219.65,2745.63,337.92,4224
SBCI2X78,Hard Coat Trac for Foam System,10,8,,35.5,1+,198.74,2484.25,305.76,3822
SBCI2X78NF,Hard Coat Trac for Foam System,10,8,,35.5,1+,153.52,1919,236.19,2952.4
SB-EMT1,Extreme Moisture Starter TRAC™,10,30,30,51.8,1+,267.35,891.17,411.3,1371
SB-EMT15,Extreme Moisture Starter Trac,10,30,20,47.6,1+,322.82,1076.07,496.65,1655.5
SB-EMT15GRAY,Extreme Moisture Starter Trac,10,30,20,47.6,1+,393.9,1313,606,2020
SB-EMT1DB,Extreme Moisture Starter TRAC™,10,30,,51.8,1+,342.03,1140.1,526.2,1754
SB-EMT2,Extreme Moisture Starter TRAC™,10,30,,47.6,1+,355.29,1184.3,546.6,1822
SB-EMT2TAN,Extreme Moisture Starter TRAC™,10,30,,47.6,1+,433.49,1444.97,666.9,2223
SBZ78,Z Flashing for Floor Line,10,30,,44.6,1+,258.96,863.2,398.4,1328
SMV3,"Surface Mounted Vent, 3""",10,35,20,52.6,1+,226.82,648.06,348.95,997
SMV4,"Surface Mounted Vent, 4""",10,35,20,70.1,1+,290.97,831.34,447.65,1279
SMV6,"Surface Mounted Vent, 6""",10,30,20,69.6,1+,341.25,1137.5,525,1750
SPFEP94IN,"Fast Edge Paper Inside 94"" 50p",7.8,50,80,15,80+,45.885,117.65384,75,192.31
SPFEP94IN,"Fast Edge Paper Inside 94"" 50p",7.8,50,80,15,All Qtys,48.3021,123.85153,75,192.31
SSB10050,Lap Siding Step Bead,10,50,,64.7,1+,295.75,591.5,455,910
SSB100-58,"Lap Siding Step Bead 1"" x 5/8""",10,50,,47.7,1+,319.48,638.96,491.5,983
SSB75-50,Lap Siding Step Bead ,10,50,20,49.7,1+,273.98,547.96,421.5,843
SSB78-58,Lap Siding Step Bead,10,50,20,64.7,1+,309.4,618.8,476,952
ST-1,STARTER TRAC (ST Series),10,25,20,58.3,1+,447.69,1790.76,688.75,2755
ST-15,STARTER TRAC (ST Series),10,20,20,51.3,1+,396.24,1981.2,609.6,3048
ST-2,STARTER TRAC (ST Series),10,15,20,46.9,1+,330.82,2205.47,508.95,3393
ST-25,STARTER TRAC (ST Series),10,15,20,43.3,1+,363.48,2423.2,559.2,3728
ST-3,STARTER TRAC (ST Series),10,10,20,31.3,1+,266.63,2666.3,410.2,4102
ST-35,STARTER TRAC (ST Series),10,10,20,33.9,1+,293.35,2933.5,451.3,4513
ST-4,STARTER TRAC (ST Series),10,10,,33.3,1+,326.95,3269.5,503,5030
STCI15X34,Hard Coat Trac for CI Systems,10,15,,45.1,1+,323.7,2158,498,3320
STCI15X78,Hard Coat Trac for CI Systems,10,15,,45.1,1+,265.21,1768.07,408.01,2720.08
STCI2X34,Hard Coat Trac for CI Systems,10,15,20,45.1,1+,353.05,2353.67,543.15,3621
STDE-1,"Starter Trac Drip Edge, 1""",10,25,20,62.8,1+,495.3,1981.2,762,3048
STDE-15,"Starter Trac Drip Edge, 1 1/2""",10,20,20,54.3,1+,441.09,2205.45,678.6,3393
STDE-2,"Starter Trac Drip Edge, 2""",10,15,20,47.3,1+,363.48,2423.2,559.2,3728
STDE-25,"Starter Trac Drip Edge, 2 1/2""",10,15,20,43.3,1+,399.95,2666.33,615.3,4102
STDE-3,"Starter Trac Drip Edge, 3""",10,10,20,41.3,1+,293.54,2935.4,451.6,4516
STDE-35,"Starter Trac Drip Edge, 3.5""",10,10,20,34.8,1+,298.94,2989.4,459.9,4599
STDE-4,"Starter Trac Drip Edge, 4""",10,10,20,53.3,1+,349.83,3498.3,538.2,5382
STDE-50,"Starter Trac Drip Edge, 1/2""",10,35,20,78.8,1+,532.58,1521.66,819.35,2341
STDE-58,"Starter Trac Drip Edge, 5/8""",10,35,20,65.2,1+,573.76,1639.31,882.7,2522
STDE-75,"Starter Trac Drip Edge, 3/4""",10,30,20,62.3,1+,543.27,1810.9,835.8,2786
STWP-1,"Starter Trac w/ Weep Holes, 1""",10,25,20,60.8,1+,447.69,1790.76,688.75,2755
STWP-15,Starter Trac w/ Weep Holes,10,20,20,58.3,1+,396.24,1981.2,609.6,3048
STWP175,Starter Trac w/ Weep Holes,10,15,,33.5,1+,314.34,2095.6,483.6,3224
STWP-2,"Starter Trac w/ Weep Holes 2""",10,15,20,47.3,1+,330.82,2205.47,508.95,3393
STWP-25,Starter Trac w/ Weep Holes,10,15,20,43.3,1+,363.48,2423.2,559.2,3728
STWP-3,"Starter Trac w/ Weep Holes, 3""",10,10,20,31.3,1+,266.63,2666.3,410.2,4102
STWP-4,"Starter Trac w/ Weep Holes, 4""",10,10,20,33.3,1+,326.95,3269.5,503,5030
STWP-50,Starter Trac w/ Weep Holes ,10,35,20,68.3,1+,446.36,1275.31,686.7,1962
STWP-58,Starter Trac w/ Weep Holes,10,35,20,56.1,1+,492.99,1408.54,758.45,2167
STWP-75,Starter Trac w/ Weep Holes,10,30,20,51.5,1+,487.5,1625,750,2500
STWP-78,Starter Trac w/ Weep Holes,10,30,,46.7,1+,487.5,1625,750,2500
SX-187-16,"Casing Bead, 1 5/8""",10,75,20,42.2,1+,268.61,358.15,413.25,551
UDM-25,Ultra-Drain Mat Roll,62,1,18,25,1+,137.8,2222.58,212,3419.35
UDM-40,Ultra-Drain Mat Roll,40,1,18,25,1+,120.25,3006.25,185,4625
UDT-1,"U-Drip Trac, 3 1/2""",10,40,20,71.3,1+,475.8,1189.5,732,1830
VST1,"Vent Screen Trac, 1""",10,25,20,50.3,1+,337.51,1350.04,519.25,2077
VST-15,"Vent Screen Trac, 1 1/2""",10,20,20,41.3,1+,341.25,1706.25,525,2625
VST-2,"Vent Screen Trac, 2""",10,15,20,42.8,1+,316.19,2107.93,486.45,3243
VST3,"Vent Screen Trac, 3""",10,10,,29.3,1+,240.31,2403.1,369.7,3697
VST-50,"Vent Screen Trac, 1/2""",10,35,20,50.8,1+,345.35,986.71,531.3,1518
VST58,"Vent Screen Trac, 5/8""",10,35,,50.8,1+,392.44,1121.26,603.75,1725
WDA-15,Window Door Arch Drip Edge ,10,30,20,73.8,1+,515.78,1719.27,793.5,2645
TOTALS,,5931.40,21405.00,37213.00,23632.70,698.00,150952.20,543472.71,230362.38,833452.47